{
  "$schema": "http://schema.management.azure.com/schemas/2015-01-01/deploymentParameters.json#",
  "contentVersion": "1.0.0.0",
  "parameters": {
    "vnetName": {
      "value": "MSVNET"
    },
    "vnetAddressPrefix": {
      "value": "10.0.0.0/8"
    },
    "frontEndSubnetName": {
      "value": "FrontEnd"
    },
    "frontEndSubnetPrefix": {
      "value": "10.0.1.0/24"
    },
    "backEndSubnetName": {
      "value": "BackEnd"
    },
    "backEndSubnetPrefix": {
      "value": "10.0.2.0/24"
    }
  }
}