{
  "$schema": "https://schema.management.azure.com/schemas/2015-01-01/deploymentTemplate.json#",
  "contentVersion": "1.0.0.0",
  "parameters": {
    "vnetName": {
      "type": "string",
      "defaultValue": "MSVNET",
      "metadata": {
        "description": "VNet name"
      }
    },
    "vnetAddressPrefix": {
      "type": "string",
      "defaultValue": "10.0.0.0/8",
      "metadata": {
        "description": "Address prefix"
      }
    },
    "frontEndSubnetPrefix": {
      "type": "string",
      "defaultValue": "10.0.1.0/24",
      "metadata": {
        "description": "Subnet 1 Prefix"
      }
    },
    "frontEndSubnetName": {
      "type": "string",
      "defaultValue": "FrontEnd",
      "metadata": {
        "description": "Subnet 1 Name"
      }
    },
    "backEndSubnetPrefix": {
      "type": "string",
      "defaultValue": "10.0.2.0/24",
      "metadata": {
        "description": "Subnet 2 Prefix"
      }
    },
    "backEndSubnetName": {
      "type": "string",
      "defaultValue": "BackEnd",
      "metadata": {
        "description": "Subnet 2 Name"
      }
    }
  },
  "variables": {
    "apiVersion": "2015-06-15"
  },
  "resources": [
    {
      "apiVersion": "[variables('apiVersion')]",
      "type": "Microsoft.Network/virtualNetworks",
      "name": "[parameters('vnetName')]",
      "location": "[resourceGroup().location]",
      "properties": {
        "addressSpace": {
          "addressPrefixes": [
            "[parameters('vnetAddressPrefix')]"
          ]
        },
        "subnets": [
          {
            "name": "[parameters('frontEndSubnetName')]",
            "properties": {
              "addressPrefix": "[parameters('frontEndSubnetPrefix')]"
            }
          },
          {
            "name": "[parameters('backEndSubnetName')]",
            "properties": {
              "addressPrefix": "[parameters('backEndSubnetPrefix')]"
            }
          }
        ]
      }
    }
  ]
}